image,mode,config,seed,points,generations,mse,psnr_db,file
dog,scalar,scalar,42,300,5000,614.816407,20.2433,scalar_dog_pts300_g5000.png
dog,scalar,scalar,42,300,10000,610.560946,20.2735,scalar_dog_pts300_g10000.png
dog,hff,hff_8x8_truenorth,42,300,10000,675.562375,19.8341,HFF_dog_grid8x8_pts300_g10000_truenorth.png
dog,hff,hff_8x8_truenorth_sal,42,300,10000,678.532008,19.8151,HFF_dog_grid8x8_pts300_g10000_truenorth_sal.png
dog,hff,hff_16x16_truenorth,42,300,10000,707.431535,19.6340,HFF_dog_grid16x16_pts300_g10000_truenorth.png
dog,hff,hff_16x16_truenorth_sal,42,300,10000,717.108496,19.5750,HFF_dog_grid16x16_pts300_g10000_truenorth_sal.png
dog,hff,hff_32x32_truenorth_sal,42,300,10000,743.260548,19.4194,HFF_dog_grid32x32_pts300_g10000_truenorth_sal.png
dog,hff,hff_32x32_truenorth,42,300,10000,1035.953217,17.9774,HFF_dog_grid32x32_pts300_g10000_truenorth.png
dog,scalar,scalar,42,300,25000,607.620116,20.2945,scalar_dog_pts300_g25000.png
dog,hff,hff_8x8_truenorth_sal,42,300,25000,674.405451,19.8416,HFF_dog_grid8x8_pts300_g25000_truenorth_sal.png
dog,scalar,scalar,42,600,5000,574.869489,20.5351,scalar_dog_pts600_g5000.png
dog,scalar,scalar,42,600,10000,575.755357,20.5284,scalar_dog_pts600_g10000.png
dog,hff,hff_8x8_truenorth,42,600,10000,587.906654,20.4377,HFF_dog_grid8x8_pts600_g10000_truenorth.png
dog,hff,hff_8x8_truenorth_sal,42,600,10000,595.835893,20.3795,HFF_dog_grid8x8_pts600_g10000_truenorth_sal.png
dog,hff,hff_16x16_truenorth,42,600,10000,632.670987,20.1190,HFF_dog_grid16x16_pts600_g10000_truenorth.png
dog,hff,hff_32x32_truenorth,42,600,10000,638.620323,20.0784,HFF_dog_grid32x32_pts600_g10000_truenorth.png
dog,hff,hff_16x16_truenorth_sal,42,600,10000,649.662014,20.0039,HFF_dog_grid16x16_pts600_g10000_truenorth_sal.png
dog,hff,hff_32x32_truenorth_sal,42,600,10000,686.972049,19.7614,HFF_dog_grid32x32_pts600_g10000_truenorth_sal.png
dog,scalar,scalar,123,1000,15000,549.033042,20.7348,scalar_dog-s123_pts1000_g15000.png
dog,scalar,scalar,1,1000,15000,549.878866,20.7281,scalar_dog-s1_pts1000_g15000.png
dog,scalar,scalar,7,1000,15000,554.584718,20.6911,scalar_dog-s7_pts1000_g15000.png
dog,hff,hff_8x8_truenorth_sal,1,1000,15000,558.090426,20.6638,HFF_dog-s1_grid8x8_pts1000_g15000_truenorth_sal.png
dog,hff,hff_8x8_truenorth_sal,123,1000,15000,558.180799,20.6631,HFF_dog-s123_grid8x8_pts1000_g15000_truenorth_sal.png
dog,hff,hff_8x8_truenorth_sal,7,1000,15000,560.338913,20.6463,HFF_dog-s7_grid8x8_pts1000_g15000_truenorth_sal.png
dog,scalar,scalar,42,1000,25000,551.126203,20.7183,scalar_dog_pts1000_g25000.png
dog,hff,hff_8x8_truenorth_sal,42,1000,25000,555.346601,20.6852,HFF_dog_grid8x8_pts1000_g25000_truenorth_sal.png
dog,hff,hff_16x16_truenorth_sal,42,1000,25000,562.548991,20.6292,HFF_dog_grid16x16_pts1000_g25000_truenorth_sal.png
elon,scalar,scalar,42,300,5000,414.508033,21.9555,scalar_elon_pts300_g5000.png
elon,hff,hff_8x8_truenorth,42,300,10000,406.810516,22.0369,HFF_elon_grid8x8_pts300_g10000_truenorth.png
elon,scalar,scalar,42,300,10000,411.818523,21.9837,scalar_elon_pts300_g10000.png
elon,hff,hff_32x32_truenorth_sal,42,300,10000,447.953655,21.6185,HFF_elon_grid32x32_pts300_g10000_truenorth_sal.png
elon,hff,hff_8x8_truenorth_sal,42,300,10000,450.188039,21.5969,HFF_elon_grid8x8_pts300_g10000_truenorth_sal.png
elon,hff,hff_16x16_truenorth,42,300,10000,455.867028,21.5424,HFF_elon_grid16x16_pts300_g10000_truenorth.png
elon,hff,hff_16x16_truenorth_sal,42,300,10000,501.574430,21.1274,HFF_elon_grid16x16_pts300_g10000_truenorth_sal.png
elon,hff,hff_32x32_truenorth,42,300,10000,523.631393,20.9405,HFF_elon_grid32x32_pts300_g10000_truenorth.png
elon,scalar,scalar,42,600,5000,375.512903,22.3846,scalar_elon_pts600_g5000.png
elon,scalar,scalar,42,600,10000,370.486825,22.4431,scalar_elon_pts600_g10000.png
elon,hff,hff_8x8_truenorth,42,600,10000,379.731468,22.3360,HFF_elon_grid8x8_pts600_g10000_truenorth.png
elon,hff,hff_16x16_truenorth,42,600,10000,380.240510,22.3302,HFF_elon_grid16x16_pts600_g10000_truenorth.png
elon,hff,hff_32x32_truenorth,42,600,10000,381.637723,22.3143,HFF_elon_grid32x32_pts600_g10000_truenorth.png
elon,hff,hff_8x8_truenorth_sal,42,600,10000,387.510831,22.2480,HFF_elon_grid8x8_pts600_g10000_truenorth_sal.png
elon,hff,hff_16x16_truenorth_sal,42,600,10000,429.418448,21.8020,HFF_elon_grid16x16_pts600_g10000_truenorth_sal.png
elon,hff,hff_32x32_truenorth_sal,42,600,10000,435.069083,21.7452,HFF_elon_grid32x32_pts600_g10000_truenorth_sal.png
elon,scalar,scalar,42,1000,25000,355.864075,22.6180,scalar_elon_pts1000_g25000.png
elon,hff,hff_8x8_truenorth_sal,42,1000,25000,356.063883,22.6155,HFF_elon_grid8x8_pts1000_g25000_truenorth_sal.png
elon,hff,hff_16x16_truenorth_sal,42,1000,25000,374.343423,22.3981,HFF_elon_grid16x16_pts1000_g25000_truenorth_sal.png
obama,scalar,scalar,42,300,5000,494.279418,21.1911,scalar_obama_pts300_g5000.png
obama,scalar,scalar,42,300,10000,489.407809,21.2341,scalar_obama_pts300_g10000.png
obama,hff,hff_8x8_truenorth,42,300,10000,499.982847,21.1413,HFF_obama_grid8x8_pts300_g10000_truenorth.png
obama,hff,hff_16x16_truenorth_sal,42,300,10000,567.850461,20.5885,HFF_obama_grid16x16_pts300_g10000_truenorth_sal.png
obama,hff,hff_8x8_truenorth_sal,42,300,10000,571.919290,20.5575,HFF_obama_grid8x8_pts300_g10000_truenorth_sal.png
obama,hff,hff_16x16_truenorth,42,300,10000,786.162419,19.1757,HFF_obama_grid16x16_pts300_g10000_truenorth.png
obama,hff,hff_32x32_truenorth_sal,42,300,10000,950.557049,18.3510,HFF_obama_grid32x32_pts300_g10000_truenorth_sal.png
obama,hff,hff_32x32_truenorth,42,300,10000,1790.451389,15.6012,HFF_obama_grid32x32_pts300_g10000_truenorth.png
obama,scalar,scalar,42,600,5000,455.051562,21.5502,scalar_obama_pts600_g5000.png
obama,scalar,scalar,42,600,10000,455.944202,21.5417,scalar_obama_pts600_g10000.png
obama,hff,hff_8x8_truenorth,42,600,10000,461.116876,21.4927,HFF_obama_grid8x8_pts600_g10000_truenorth.png
obama,hff,hff_32x32_truenorth,42,600,10000,492.534169,21.2064,HFF_obama_grid32x32_pts600_g10000_truenorth.png
obama,hff,hff_8x8_truenorth_sal,42,600,10000,493.700442,21.1962,HFF_obama_grid8x8_pts600_g10000_truenorth_sal.png
obama,hff,hff_16x16_truenorth_sal,42,600,10000,508.578777,21.0672,HFF_obama_grid16x16_pts600_g10000_truenorth_sal.png
obama,hff,hff_16x16_truenorth,42,600,10000,521.348260,20.9595,HFF_obama_grid16x16_pts600_g10000_truenorth.png
obama,hff,hff_32x32_truenorth_sal,42,600,10000,625.448267,20.1689,HFF_obama_grid32x32_pts600_g10000_truenorth_sal.png
obama,scalar,scalar,123,1000,15000,424.942089,21.8475,scalar_obama-s123_pts1000_g15000.png
obama,scalar,scalar,1,1000,15000,431.019848,21.7858,scalar_obama-s1_pts1000_g15000.png
obama,scalar,scalar,7,1000,15000,439.926755,21.6970,scalar_obama-s7_pts1000_g15000.png
obama,hff,hff_8x8_truenorth_sal,1,1000,15000,451.886847,21.5805,HFF_obama-s1_grid8x8_pts1000_g15000_truenorth_sal.png
obama,hff,hff_8x8_truenorth_sal,123,1000,15000,465.367737,21.4528,HFF_obama-s123_grid8x8_pts1000_g15000_truenorth_sal.png
obama,hff,hff_8x8_truenorth_sal,7,1000,15000,482.841904,21.2928,HFF_obama-s7_grid8x8_pts1000_g15000_truenorth_sal.png
obama,scalar,scalar,42,1000,25000,439.259399,21.7036,scalar_obama_pts1000_g25000.png
obama,hff,hff_8x8_truenorth_sal,42,1000,25000,462.140776,21.4831,HFF_obama_grid8x8_pts1000_g25000_truenorth_sal.png
obama,hff,hff_16x16_truenorth_sal,42,1000,25000,478.115413,21.3355,HFF_obama_grid16x16_pts1000_g25000_truenorth_sal.png
