gen,best_fit,best_T,best_m,mean_T,stddev_T,mean_m,stddev_m,elapsed_s
0,4.60256321,27.3342,3371,198.4421,122.3604,1948.4000,755.7077,0.00
1,4.60256321,27.3342,3371,96.9687,51.3785,2492.6000,590.4672,0.06
2,4.68870956,1.0000,4097,47.0647,30.2669,3109.6250,527.2726,0.11
3,4.75119148,1.0000,4097,19.4229,16.8276,3628.4000,426.2704,0.16
4,4.75119148,1.0000,4097,8.0871,11.6992,3929.5250,309.9197,0.21
5,4.78120330,4.2021,4097,4.9381,7.8371,4008.1250,208.3626,0.26
6,4.78120330,4.2021,4097,4.9479,9.2594,4015.5500,241.7408,0.31
7,4.81561536,1.0000,4097,8.0506,16.1000,3934.2500,363.7373,0.36
8,4.81561536,1.0000,4097,5.7407,9.6675,4004.1500,257.3739,0.41
9,4.81713497,1.0000,4097,5.7788,11.5115,3996.5750,289.9652,0.46
10,4.82433312,1.0000,4097,5.1667,9.5920,3995.2250,251.1919,0.50
11,4.83821260,1.0000,4097,6.7818,11.1371,3961.2500,283.0105,0.55
12,4.84098790,1.0000,4097,6.5057,11.5329,3978.8000,280.3466,0.60
13,4.84098790,1.0000,4097,8.2649,13.2519,3918.4250,341.0876,0.65
14,4.84116907,1.0000,4097,3.0597,5.7973,4064.3750,141.1136,0.69
15,4.84116907,1.0000,4097,4.1320,8.4497,4032.7250,214.2690,0.74
16,4.85250050,1.0000,4097,6.8838,11.2225,3955.3250,288.8203,0.79
17,4.85276995,1.0000,4097,1.9048,3.6621,4081.3250,97.8903,0.84
18,4.85337408,1.0000,4097,6.5799,12.9791,3955.3250,329.1552,0.88
19,4.86071422,1.0000,4097,3.2695,7.9245,4053.7250,195.4873,0.93
20,4.86126255,1.0000,4097,4.3604,7.7229,4011.2750,206.0466,0.97
21,4.87199889,1.0000,4097,5.0486,9.1695,4000.6250,239.7647,1.02
22,4.87199889,1.0000,4097,7.3131,13.8633,3942.2000,348.8884,1.07
23,4.87409925,1.0000,4097,5.1680,9.3766,4001.5250,249.6974,1.11
24,4.87409925,1.0000,4097,4.1055,8.3296,4031.1500,208.4622,1.16
25,4.87709568,1.0000,4097,5.6524,9.3042,3980.4500,246.0910,1.20
26,4.88409741,1.0000,4097,4.3222,9.3016,4036.7000,207.3712,1.25
27,4.88459035,1.0000,4097,7.8904,16.0133,3937.0250,362.1544,1.30
28,4.88580184,1.0000,4097,5.3635,9.6620,3998.9000,253.4691,1.34
29,4.88580184,1.0000,4097,5.7854,10.9614,3976.7750,275.9856,1.39
30,4.93004129,1.0000,4097,6.7296,9.8488,3959.8250,261.0784,1.44
31,4.93004129,1.0000,4097,5.3439,11.2900,3993.4250,274.0012,1.48
32,4.93336461,1.0000,4097,6.6309,13.1991,3969.7250,320.4387,1.53
33,4.93460287,1.0000,4097,5.6096,11.9561,3988.1000,296.0387,1.58
34,4.94847642,1.0000,4097,3.6498,8.5285,4033.0250,224.5119,1.62
35,4.94847642,1.0000,4097,6.9398,11.7971,3948.2000,309.7729,1.67
36,4.94854861,1.0000,4097,6.9411,13.3485,3973.1000,324.4165,1.72
37,4.95242652,1.0940,4097,5.8121,11.6361,3993.3500,296.0484,1.76
38,4.95242652,1.0940,4097,6.6566,11.9368,3968.9750,307.8323,1.81
39,4.95242652,1.0940,4097,7.4768,13.0954,3955.7750,330.2695,1.85
40,4.95508157,1.0000,4097,5.3638,11.7658,3997.1750,275.3307,1.90
41,4.96839061,1.0000,4097,5.0636,9.7779,3994.7000,257.8123,1.95
42,4.96839061,1.0000,4097,9.0010,13.8985,3893.0750,348.9011,1.99
43,4.96839061,1.0000,4097,6.2141,12.8580,3970.4000,316.6402,2.04
44,4.96839061,1.0000,4097,9.4788,17.3109,3908.5250,393.3347,2.09
45,4.99520645,1.0000,4097,4.2724,7.6485,4015.8500,199.9100,2.13
46,4.99810653,1.0000,4097,3.4022,7.0014,4041.9500,181.3432,2.18
47,4.99810653,1.0000,4097,7.7791,14.5446,3927.7250,354.8411,2.23
48,4.99810653,1.0000,4097,5.3161,8.8247,3987.7250,235.0495,2.27
49,5.01144383,1.0000,4097,4.3011,8.8485,4013.6750,235.1936,2.32
50,5.03515129,1.0000,4097,4.6796,10.8976,4022.3000,246.9073,2.36
51,5.03515129,1.0000,4097,5.3409,9.0796,3996.4250,239.5759,2.41
52,5.03515129,1.0000,4097,5.2697,10.0778,3994.1750,256.6114,2.46
53,5.03527352,1.0000,4097,7.5022,14.7174,3950.9750,339.1018,2.50
54,5.03527352,1.0000,4097,6.6799,10.5970,3972.6500,278.9903,2.55
55,5.04645344,1.0000,4097,5.2909,10.7786,3990.8000,276.3966,2.59
56,5.04826456,1.0000,4097,7.0901,15.8612,3962.5250,349.0967,2.64
57,5.05093045,1.0000,4097,5.3530,12.4121,4004.6750,285.6651,2.69
58,5.05274532,1.0000,4097,5.2543,12.0285,4012.0250,272.8313,2.73
59,5.05335408,1.0000,4097,9.0130,15.4592,3913.7000,369.0535,2.78
60,5.05428263,1.0000,4097,2.2664,4.7787,4066.6250,130.5227,2.82
61,5.05769946,1.0000,4097,4.6565,9.9928,4016.5250,249.1535,2.87
62,5.05783906,1.0000,4097,10.0226,16.3786,3874.2500,399.0416,2.92
63,5.05841649,1.0000,4097,5.0615,9.1930,3998.4500,244.2243,2.96
64,5.06062120,1.0000,4097,3.9449,6.4048,4033.4750,165.8119,3.01
65,5.06734802,1.0000,4097,7.6023,13.4251,3934.6250,344.7137,3.05
66,5.06734802,1.0000,4097,6.5633,12.6126,3967.1000,322.0931,3.10
67,5.06734802,1.0000,4097,2.7465,5.1623,4052.5250,136.1681,3.14
68,5.06928417,1.0000,4097,4.7971,10.9877,4007.3000,257.2111,3.19
69,5.06928417,1.0000,4097,6.7799,11.7243,3958.2500,310.6650,3.24
70,5.06928417,1.0000,4097,4.0587,9.5754,4016.9000,246.5739,3.29
71,5.06928417,1.0000,4097,4.7940,10.6271,4004.4500,267.3971,3.33
72,5.06928417,1.0000,4097,8.1530,14.2965,3929.0000,345.4341,3.38
73,5.07090463,1.0000,4097,2.4460,4.6449,4075.1750,115.8287,3.42
74,5.07370731,1.0000,4097,2.6849,5.2152,4066.0250,130.6592,3.47
75,5.07567694,1.0000,4097,5.0723,10.0235,4001.6000,263.4926,3.52
76,5.07574872,1.0000,4097,4.2325,6.6655,4024.9250,174.6795,3.56
77,5.07656764,1.0000,4097,1.4905,2.5987,4085.9750,68.8511,3.61
78,5.07737915,1.0000,4097,3.7047,8.6980,4043.9000,218.9201,3.65
79,5.08215368,1.0000,4097,4.8171,9.6726,4000.0250,254.3138,3.70
80,5.08215368,1.0000,4097,5.8343,12.0364,3992.3750,275.9684,3.75
81,5.08215368,1.0000,4097,6.7450,11.5645,3949.8500,297.0999,3.80
82,5.08318103,1.0000,4097,6.4589,12.4201,3971.0000,297.9742,3.85
83,5.08318103,1.0000,4097,2.6021,4.9529,4058.2250,126.2219,3.91
84,5.08318103,1.0000,4097,5.5638,11.3293,3985.8500,284.8294,3.97
85,5.08774147,1.0000,4097,5.1989,10.7918,3998.9750,263.9986,4.02
86,5.08774147,1.0000,4097,3.1977,6.6156,4044.2000,165.7032,4.06
87,5.09383890,1.0000,4097,5.5946,10.5133,3993.8000,268.7871,4.11
88,5.09383890,1.0000,4097,3.5517,7.9596,4034.3000,204.0770,4.17
89,5.09383890,1.0000,4097,6.5247,12.2800,3967.3250,311.8085,4.23
90,5.09433333,1.0000,4097,3.5036,7.4848,4039.1000,193.0870,4.28
91,5.09433333,1.0000,4097,6.9248,12.7044,3961.7750,324.7833,4.34
92,5.09546246,1.0000,4097,10.8982,16.9185,3860.3000,412.0704,4.40
93,5.09663797,1.0000,4097,2.9336,7.1172,4054.4000,185.9615,4.46
94,5.09792258,1.0000,4097,5.7279,9.9172,3981.3500,256.1664,4.52
95,5.09792258,1.0000,4097,2.8125,4.5092,4066.1000,104.6463,4.58
96,5.09792258,1.0000,4097,5.4246,10.8513,3984.0500,282.9905,4.63
97,5.09792258,1.0000,4097,8.0058,15.7942,3946.9250,366.9476,4.69
98,5.09943196,1.0000,4097,3.7522,8.2967,4032.7250,203.9315,4.75
99,5.10289387,1.0000,4097,3.7802,7.2767,4028.3750,193.1965,4.80
100,5.10289387,1.0000,4097,4.7654,9.4425,4008.2000,246.8426,4.84
101,5.10289387,1.0000,4097,5.1142,10.7558,3997.1000,275.1232,4.89
102,5.10463238,1.0000,4097,5.2905,10.2366,3998.0750,257.8286,4.94
103,5.14008790,1.0000,4097,4.3501,10.0558,4015.2500,253.3231,4.99
104,5.14008790,1.0000,4097,4.3037,8.2888,4024.0250,216.1441,5.04
105,5.14008790,1.0000,4097,7.1244,11.0127,3941.9750,296.7745,5.09
106,5.14008790,1.0000,4097,6.2947,11.8046,3974.6000,275.5106,5.14
107,5.14008790,1.0000,4097,3.6840,9.2726,4044.4250,204.8585,5.19
108,5.14008790,1.0000,4097,5.7615,10.6747,3978.2750,272.2960,5.24
109,5.14008790,1.0000,4097,5.8344,12.2947,3991.5500,280.6913,5.29
110,5.15043882,1.0000,4097,5.7654,12.5610,3989.0750,300.8115,5.34
111,5.15043882,1.0000,4097,8.4203,14.4380,3911.8250,362.3809,5.39
112,5.15043882,1.0000,4097,6.4496,13.5368,3976.1750,283.1069,5.44
113,5.15258213,1.0000,4097,4.2986,10.7579,4026.4250,249.3774,5.48
114,5.15475505,1.0000,4097,4.5163,8.0815,4011.1250,220.5017,5.53
115,5.15475505,1.0000,4097,7.7138,14.0197,3936.5750,330.7423,5.58
116,5.15475505,1.0000,4097,7.5408,13.5361,3947.0750,334.3503,5.63
117,5.15743817,1.0000,4097,3.5213,7.1003,4032.5750,195.1396,5.68
118,5.15758976,1.0000,4097,6.8899,15.8457,3972.0500,334.3752,5.72
119,5.15913826,1.0000,4097,4.2411,9.1368,4015.5500,232.8873,5.77
120,5.15913826,1.0000,4097,2.6967,5.4909,4055.6750,148.4462,5.82
121,5.15913826,1.0000,4097,4.7670,11.1735,4009.7750,259.0526,5.87
122,5.16973598,1.0000,4097,2.3011,3.7650,4078.3250,81.7507,5.91
123,5.16973598,1.0000,4097,4.1507,8.1654,4019.2250,213.3055,5.96
124,5.16973598,1.0000,4097,5.5727,8.7771,3992.0750,241.6662,6.01
125,5.17034900,1.0000,4097,4.5579,9.2670,4010.9000,239.7310,6.06
126,5.17034900,1.0000,4097,9.3447,13.4321,3901.3250,347.1115,6.11
127,5.17034900,1.0000,4097,6.1131,12.2183,3971.9000,314.8916,6.15
128,5.17099493,1.0000,4097,7.6975,12.4635,3924.1250,321.9286,6.20
129,5.17124890,1.0000,4097,7.2092,12.1719,3939.7250,312.4676,6.25
130,5.17480685,1.0000,4097,6.2788,11.5869,3970.7000,293.8942,6.30
131,5.17480685,1.0000,4097,5.2799,9.9457,3997.0250,255.7484,6.34
132,5.17872111,1.0000,4097,8.4823,13.2493,3903.5000,344.0387,6.39
133,5.17872111,1.0000,4097,7.4956,11.8187,3935.8250,313.9038,6.43
134,5.18634870,1.0000,4097,1.3813,1.6891,4094.9000,13.1145,6.48
135,5.18634870,1.0000,4097,2.3085,4.4663,4077.9500,113.2705,6.53
136,5.18634870,1.0000,4097,8.4934,14.4300,3923.9750,352.0794,6.57
137,5.18802603,1.0000,4097,5.7607,11.8965,3982.7750,305.8201,6.62
138,5.18815359,1.0000,4097,5.6372,8.5273,3989.3000,225.0938,6.67
139,5.18847745,1.0000,4097,2.7097,4.3379,4065.9500,95.0379,6.72
140,5.18880209,1.0000,4097,2.8616,6.5388,4059.5750,163.3127,6.77
141,5.19051915,1.0000,4097,6.1075,9.9427,3975.6500,260.9629,6.82
142,5.19144354,1.0000,4097,4.5032,7.7868,4022.1500,198.2418,6.87
143,5.19161386,1.0000,4097,5.5394,12.3374,4003.6250,293.1993,6.92
144,5.19161386,1.0000,4097,2.5265,4.6428,4062.5750,120.9301,6.97
145,5.19251609,1.0000,4097,6.0428,11.4392,3981.5000,292.3661,7.01
146,5.19251609,1.0000,4097,4.5291,7.1751,4016.9750,191.1089,7.06
147,5.19251609,1.0000,4097,4.4351,8.8682,4017.9500,225.1095,7.11
148,5.19284267,1.0000,4097,6.2459,11.3623,3960.0500,290.9208,7.16
149,5.19284267,1.0000,4097,6.5492,12.0612,3963.6500,305.0389,7.21
150,5.19597816,1.0000,4097,7.0272,10.2796,3955.5500,270.0879,7.26
151,5.20089563,1.0000,4097,3.0389,7.4718,4049.9000,180.8483,7.31
152,5.20244412,1.0000,4097,4.1217,11.7163,4027.5500,261.8465,7.35
153,5.20244412,1.0000,4097,5.1203,10.8039,4005.5000,253.0985,7.40
154,5.20244412,1.0000,4097,5.6508,9.9066,3982.6250,262.5122,7.45
155,5.20566431,1.0000,4097,7.3269,15.3101,3956.0000,356.4222,7.50
156,5.20566431,1.0000,4097,7.2680,12.2845,3939.2750,312.1023,7.55
157,5.20566431,1.0000,4097,5.1280,11.0877,3996.2000,278.3919,7.59
158,5.20566431,1.0000,4097,5.1462,11.7160,4003.3250,272.4856,7.64
159,5.20569709,1.0000,4097,4.8218,10.3432,4004.8250,265.0827,7.69
160,5.20692946,1.0000,4097,6.2227,12.3778,3979.1750,306.3939,7.74
161,5.21334374,1.0000,4097,7.0097,12.9799,3952.1750,322.1817,7.79
162,5.21334374,1.0000,4097,5.7711,10.2217,3979.1750,267.9648,7.84
163,5.21334374,1.0000,4097,6.2347,11.0465,3975.4250,287.0743,7.88
164,5.21334374,1.0000,4097,4.5569,8.8983,4022.4500,223.1207,7.93
165,5.21334374,1.0000,4097,5.9163,10.7995,3972.4250,282.4018,7.98
166,5.21334374,1.0000,4097,6.6697,11.0533,3957.6500,285.5710,8.03
167,5.21431666,1.0000,4097,4.2979,8.1887,4017.5750,220.9617,8.07
168,5.21730828,1.0000,4097,5.9852,10.7438,3976.9250,268.7718,8.12
169,5.21730828,1.0000,4097,2.6090,6.4354,4058.6750,169.5843,8.17
170,5.21730828,1.0000,4097,3.5626,7.7314,4030.4000,204.0554,8.22
171,5.21730828,1.0000,4097,4.4539,7.8167,4016.9750,218.8719,8.27
172,5.21825256,1.0000,4097,7.1229,12.5793,3943.8500,326.6799,8.32
173,5.21825256,1.0000,4097,4.8586,10.7878,4003.7000,268.7737,8.36
174,5.21909931,1.0000,4097,3.5467,6.5245,4035.5750,173.6868,8.41
175,5.21909931,1.0000,4097,4.5347,11.2488,4022.2250,260.2112,8.46
176,5.21909931,1.0000,4097,10.2259,16.9528,3872.0750,407.0202,8.51
177,5.21909931,1.0000,4097,2.0570,4.6317,4068.5000,125.1022,8.55
178,5.21909931,1.0000,4097,6.3319,13.3578,3981.8000,315.1027,8.60
179,5.22204269,1.0000,4097,6.7104,17.5400,3971.9750,378.2460,8.65
180,5.22204269,1.0000,4097,6.2479,11.5444,3969.8000,297.8026,8.70
181,5.22204269,1.0000,4097,4.9451,9.1667,4010.1500,239.5974,8.74
182,5.22204269,1.0000,4097,6.2621,12.4098,3986.2250,285.5823,8.79
183,5.22281355,1.0000,4097,4.1091,7.6320,4026.7250,200.9607,8.85
184,5.22391693,1.0000,4097,2.6112,5.2146,4059.2750,138.4637,8.90
185,5.22453266,1.0000,4097,6.9020,13.6784,3953.8250,334.3378,8.94
186,5.22453266,1.0000,4097,3.9258,7.6387,4023.8750,200.4582,8.99
187,5.22453266,1.0000,4097,5.1035,11.6781,3992.9000,291.1687,9.05
188,5.22458032,1.0000,4097,6.4843,10.7605,3954.9500,287.6948,9.10
189,5.22458032,1.0000,4097,3.6033,7.3267,4038.6500,185.0199,9.15
190,5.22484033,1.0000,4097,6.3477,11.7926,3974.9000,287.4559,9.21
191,5.22514341,1.0000,4097,3.0823,6.2027,4051.1750,165.3814,9.26
192,5.22514341,1.0000,4097,6.4872,11.6895,3967.7750,297.5218,9.31
193,5.22514341,1.0000,4097,4.4982,9.4225,4014.1250,240.0297,9.36
194,5.22804298,1.3414,4097,5.0874,12.4308,4008.4250,281.4473,9.41
195,5.22804298,1.3414,4097,6.8226,11.3424,3970.2500,283.3847,9.47
196,5.22804298,1.3414,4097,6.8846,11.6688,3954.5750,305.7028,9.52
197,5.22804298,1.3414,4097,4.0853,6.8917,4025.3000,182.9604,9.57
198,5.22804298,1.3414,4097,4.9116,9.9754,4023.3500,229.1379,9.63
199,5.22848119,1.0000,4097,5.5624,8.7795,3980.9750,237.0137,9.68
200,5.22848119,1.0000,4097,3.1844,6.3915,4058.4500,168.7171,9.73
201,5.23772450,1.0000,4097,3.2783,6.2872,4050.4250,157.5086,9.78
202,5.23772450,1.0000,4097,4.8664,7.7327,4000.9250,209.9812,9.83
203,5.23772450,1.0000,4097,4.9595,10.0692,4001.5250,256.7077,9.88
204,5.23772450,1.0000,4097,10.0340,14.8145,3885.2750,384.7018,9.93
205,5.23772450,1.0000,4097,2.8934,5.2764,4059.7250,142.8247,9.97
206,5.23772450,1.0000,4097,5.7052,11.9179,3988.7750,298.8167,10.02
207,5.23772450,1.0000,4097,7.0139,14.0829,3949.6250,340.7894,10.07
208,5.23772450,1.0000,4097,5.0774,12.2098,4002.2750,272.5702,10.11
209,5.24059251,1.0000,4097,3.6236,6.4618,4042.4000,159.8612,10.16
210,5.24126222,1.0000,4097,3.1054,6.0327,4053.2000,154.3146,10.21
211,5.24126222,1.0000,4097,6.0938,11.8880,3975.5000,290.8747,10.25
212,5.24126222,1.0000,4097,6.5198,12.2841,3957.2000,319.7519,10.30
213,5.24126222,1.0000,4097,5.8815,8.5824,3994.1000,230.9583,10.36
214,5.24156365,1.0000,4097,4.3584,9.5611,4010.7500,247.4561,10.40
215,5.24156365,1.0000,4097,2.6207,5.5080,4060.1750,140.3346,10.45
216,5.24156365,1.0000,4097,7.7475,11.8535,3932.4500,308.4312,10.49
217,5.24156365,1.0000,4097,2.1603,4.0423,4071.5750,100.2938,10.54
218,5.24156365,1.0000,4097,4.0039,10.8265,4041.9500,236.8970,10.59
219,5.24316816,1.0000,4097,4.7851,9.5049,4018.3250,233.8206,10.63
220,5.24316816,1.0000,4097,8.2946,12.5475,3912.5750,324.2894,10.68
221,5.24474071,1.0000,4097,2.8425,4.9207,4058.5250,127.1941,10.73
222,5.24474071,1.0000,4097,5.4418,11.6757,3986.0000,286.4458,10.77
223,5.24474071,1.0000,4097,4.3674,9.3626,4019.6750,234.5719,10.82
224,5.24474071,1.0000,4097,4.4870,8.5488,4013.2250,226.9182,10.86
225,5.24474071,1.0000,4097,4.4966,8.1221,4022.8250,210.9855,10.91
226,5.24474071,1.0000,4097,4.2421,8.4929,4014.8750,222.1709,10.96
227,5.24474071,1.0000,4097,5.9331,10.9247,3981.7250,276.7505,11.00
228,5.24474071,1.0000,4097,7.5579,13.4163,3937.4750,340.7153,11.05
229,5.24474071,1.0000,4097,6.5227,15.8339,3991.1000,320.5274,11.10
230,5.24474071,1.0000,4097,3.8682,5.9892,4037.9750,151.6713,11.14
231,5.24474071,1.0000,4097,8.6050,14.0243,3901.1000,360.9283,11.19
232,5.24543823,1.0000,4097,7.8368,16.2242,3944.8250,370.0607,11.24
233,5.24543823,1.0000,4097,5.2446,13.2200,4011.2000,272.2943,11.28
234,5.24543823,1.0000,4097,6.7862,14.7779,3961.1750,338.5650,11.33
235,5.24543823,1.0000,4097,8.6632,12.0668,3913.8500,315.6486,11.37
236,5.24543823,1.0000,4097,8.1697,18.1682,3935.3000,372.3928,11.42
237,5.24543823,1.0000,4097,8.0120,13.1019,3923.6000,338.1834,11.47
238,5.24884306,1.0000,4097,5.0683,9.3565,4000.1000,245.9435,11.52
239,5.24884306,1.0000,4097,7.8876,11.9873,3931.6250,304.8708,11.56
240,5.24884306,1.0000,4097,6.2510,12.7437,3964.4750,325.6209,11.61
241,5.24884306,1.0000,4097,5.7306,8.3090,3986.1500,214.7861,11.66
242,5.24884306,1.0000,4097,3.7695,6.9047,4030.4000,186.9209,11.70
243,5.24884306,1.0000,4097,4.1824,10.6869,4033.8500,247.4981,11.75
244,5.24884306,1.0000,4097,6.1341,11.5582,3973.7000,288.0780,11.80
245,5.24884306,1.0000,4097,7.0203,10.6973,3957.9500,285.2861,11.84
246,5.24884306,1.0000,4097,6.0504,11.5939,3972.2000,293.9179,11.89
247,5.24899279,1.0000,4097,6.3844,11.3724,3960.5000,294.3702,11.94
248,5.24899279,1.0000,4097,5.8392,11.2477,3979.3250,292.6373,11.99
249,5.24899279,1.0000,4097,5.0745,9.0514,3996.9500,240.5193,12.03
250,5.25009599,1.0000,4097,5.1745,10.6026,3992.7500,276.3070,12.08
251,5.25009599,1.0000,4097,3.5112,7.2438,4034.7500,190.8690,12.12
252,5.25046758,1.0000,4097,5.1932,10.6723,4005.0500,257.3176,12.17
253,5.25063885,1.0000,4097,4.5779,11.8779,4016.2250,273.5059,12.21
254,5.25611432,1.0000,4097,3.7309,9.4728,4034.6000,220.3951,12.26
255,5.25611432,1.0000,4097,5.7638,9.1057,3992.1500,238.8704,12.30
256,5.25611432,1.0000,4097,3.0941,8.3283,4046.9750,206.3996,12.35
257,5.25623813,1.0000,4097,5.6939,11.0253,3983.9000,276.1770,12.39
258,5.25623813,1.0000,4097,5.5280,8.9366,3987.6500,238.3376,12.44
259,5.25623813,1.0000,4097,6.4680,11.6284,3968.5250,293.2144,12.49
260,5.25623813,1.0000,4097,9.6999,14.6660,3888.4250,361.3892,12.53
261,5.25623813,1.0000,4097,8.1821,11.9854,3925.0250,317.5783,12.58
262,5.25926967,1.0000,4097,7.5463,12.8075,3941.7500,322.1103,12.63
263,5.25926967,1.0000,4097,8.1551,12.7167,3919.4000,332.9021,12.67
264,5.25926967,1.0000,4097,6.0897,11.0764,3982.4750,276.7489,12.72
265,5.25926967,1.0000,4097,3.4773,7.0004,4036.9250,184.9245,12.76
266,5.25932065,1.0000,4097,5.1128,10.3511,3999.1250,264.6705,12.81
267,5.25932065,1.0000,4097,4.6492,10.4209,4023.6500,239.0606,12.86
268,5.25932065,1.0000,4097,2.9965,7.0957,4053.2000,181.7574,12.91
269,5.25932065,1.0000,4097,3.0431,6.0709,4055.9750,150.6756,12.95
270,5.26004012,1.0000,4097,7.3614,12.0285,3938.3750,315.7678,13.00
271,5.26053968,1.0000,4097,7.4224,17.1027,3948.3500,369.6810,13.05
272,5.26053968,1.0000,4097,7.8393,12.1591,3926.2250,318.8171,13.09
273,5.26053968,1.0000,4097,6.9923,13.4128,3957.9500,325.1622,13.14
274,5.26053968,1.0000,4097,3.3094,7.9448,4049.6000,204.7818,13.19
275,5.26596556,1.0000,4097,3.6990,6.6120,4042.8500,173.9146,13.23
276,5.26596556,1.0000,4097,5.0835,10.2527,4000.7750,263.2954,13.28
277,5.26596556,1.0000,4097,5.4731,10.7865,3991.1000,279.4812,13.33
278,5.26596556,1.0000,4097,6.7116,13.0248,3976.2500,310.1982,13.37
279,5.26596556,1.0000,4097,4.2743,8.4664,4019.2250,229.0637,13.42
280,5.26596556,1.0000,4097,5.1628,9.3908,3992.0000,249.6858,13.47
281,5.26596556,1.0000,4097,6.7895,12.2210,3967.5500,304.7286,13.51
282,5.26645328,1.0000,4097,5.3499,10.5806,3996.4250,259.2901,13.56
283,5.26645328,1.0000,4097,6.6758,12.1427,3952.1000,316.4269,13.61
284,5.26645328,1.0000,4097,8.4400,16.9407,3927.5750,388.9324,13.65
285,5.29290001,1.0000,4097,5.6747,10.7194,3982.7750,268.6017,13.70
286,5.29290001,1.0000,4097,3.3257,5.9483,4046.7500,159.5054,13.75
287,5.29290001,1.0000,4097,4.8807,9.4763,4005.3500,243.5826,13.79
288,5.29290001,1.0000,4097,4.2804,7.7470,4010.0000,212.1501,13.84
289,5.29290001,1.0000,4097,5.0611,9.7119,4013.0750,246.9307,13.89
290,5.29290001,1.0000,4097,5.0795,10.2430,4002.2750,262.4125,13.93
291,5.29290001,1.0000,4097,8.7220,13.7013,3904.8500,351.1205,13.98
292,5.29290001,1.0000,4097,3.4379,6.7566,4033.5500,184.7895,14.03
293,5.29292187,1.0000,4097,5.4504,10.0117,3994.3250,254.6252,14.07
294,5.29292187,1.0000,4097,8.2850,12.6801,3923.3750,330.2652,14.12
295,5.29729953,1.0000,4097,4.6326,7.2252,4012.0250,188.5929,14.16
296,5.29729953,1.0000,4097,6.6054,11.0535,3953.9000,291.0620,14.21
297,5.29729953,1.0000,4097,6.7042,12.1306,3972.3500,305.4126,14.26
298,5.29729953,1.0000,4097,4.6755,9.4685,4004.9000,244.2064,14.31
299,5.29729953,1.0000,4097,5.4701,8.4605,3985.9250,232.1848,14.35
